{
  "algorithm": "PPO",
  "environment": "MEC-v1-game-theory-continuous-ma",
  "seed": 42,
  "device": "cpu",
  "train_timesteps": 100000,
  "checkpoint_dir": "experiments\\paper2_full_17_vscode\\artifacts\\PPO\\checkpoints",
  "final_eval": {
    "eval/reward_mean": -6.98219150105033,
    "eval/reward_std": 0.3363861005206409,
    "eval/latency_mean": 0.17066683016981898,
    "eval/energy_mean": 0.8073991898013257,
    "eval/e2e_latency_mean": 0.17066683016981898,
    "eval/e2e_latency_p95": 0.31979173255072196,
    "eval/deadline_miss_rate": 0.0,
    "eval/throughput_tasks_per_step": 1.0,
    "eval/comm_score": 75.72320592714763,
    "eval/latency_total_mean": 17.066683016981898,
    "eval/energy_total_mean": 0.8073991898013257,
    "eval/latency_per_step_mean": 0.170666830169819,
    "eval/energy_per_step_mean": 0.00807399189801326,
    "eval/latency_per_task_mean": 0.170666830169819,
    "eval/energy_per_task_mean": 0.00807399189801326,
    "eval/episode_steps_mean": 100.0,
    "eval/episode_tasks_mean": 100.0
  },
  "status": "success"
}