{
  "algorithm": "DDPG",
  "environment": "MEC-v1-game-theory-continuous-ma",
  "seed": 42,
  "device": "cpu",
  "train_timesteps": 100000,
  "checkpoint_dir": "experiments\\paper2_full_17_vscode\\artifacts\\DDPG\\checkpoints",
  "final_eval": {
    "eval/reward_mean": -6.027190315689578,
    "eval/reward_std": 0.776499491149736,
    "eval/latency_mean": 0.19194333104776962,
    "eval/energy_mean": 0.6655873317772121,
    "eval/e2e_latency_mean": 0.19194333104776962,
    "eval/e2e_latency_p95": 0.3514435776621036,
    "eval/deadline_miss_rate": 0.0,
    "eval/throughput_tasks_per_step": 1.0,
    "eval/comm_score": 73.88578356199334,
    "eval/latency_total_mean": 19.194333104776963,
    "eval/energy_total_mean": 0.6655873317772121,
    "eval/latency_per_step_mean": 0.19194333104776962,
    "eval/energy_per_step_mean": 0.0066558733177721225,
    "eval/latency_per_task_mean": 0.19194333104776962,
    "eval/energy_per_task_mean": 0.0066558733177721225,
    "eval/episode_steps_mean": 100.0,
    "eval/episode_tasks_mean": 100.0
  },
  "status": "success"
}