{
  "algorithm": "TD3",
  "environment": "MEC-v1-game-theory-continuous-ma",
  "seed": 42,
  "device": "cpu",
  "train_timesteps": 100000,
  "checkpoint_dir": "experiments\\paper2_full_17_vscode\\artifacts\\TD3\\checkpoints",
  "final_eval": {
    "eval/reward_mean": -6.635532501469913,
    "eval/reward_std": 0.3787008899373478,
    "eval/latency_mean": 0.20988225945016853,
    "eval/energy_mean": 0.6861967697590573,
    "eval/e2e_latency_mean": 0.20988225945016853,
    "eval/e2e_latency_p95": 0.39229568827502037,
    "eval/deadline_miss_rate": 0.0,
    "eval/throughput_tasks_per_step": 1.0,
    "eval/comm_score": 71.7884425300946,
    "eval/latency_total_mean": 20.988225945016854,
    "eval/energy_total_mean": 0.6861967697590573,
    "eval/latency_per_step_mean": 0.20988225945016853,
    "eval/energy_per_step_mean": 0.006861967697590572,
    "eval/latency_per_task_mean": 0.20988225945016853,
    "eval/energy_per_task_mean": 0.006861967697590572,
    "eval/episode_steps_mean": 100.0,
    "eval/episode_tasks_mean": 100.0
  },
  "status": "success"
}