trial_id,trial_name,algorithm,environment_profile,seed,status,j_phys,feasible,pareto_eligible,p95_latency,mean_latency,energy_per_task,tail_instability,deadline_miss_rate,constraint_violation,reward_mean,result_json,config_path,error
0000,PPO-B,PPO,mainline-a,42,success,0.16673622554570347,True,True,0.35498646861507616,0.18404234580006165,0.003575809975299575,0.1709441228150145,0.0,0.0,-10.321184568109176,outputs/stage1/ppo/trial_0000/result_seed_42.json,outputs/stage1/ppo/trial_0000/config.yaml,
0001,sample-0001,PPO,mainline-a,42,success,0.13841913741063486,True,True,0.28111298177320676,0.14545408819651615,0.0030448681400850426,0.13565889357669061,0.0,0.0,-13.057334860117987,outputs/stage1/ppo/trial_0001/result_seed_42.json,outputs/stage1/ppo/trial_0001/config.yaml,
0002,sample-0002,PPO,mainline-a,42,success,0.22113406821897905,True,True,0.5162030080717442,0.2725739911954929,0.005548073256830004,0.24362901687625133,0.0,0.0,-5.068753814643127,outputs/stage1/ppo/trial_0002/result_seed_42.json,outputs/stage1/ppo/trial_0002/config.yaml,
0003,sample-0003,PPO,mainline-a,42,success,0.19230338867581634,True,True,0.42801654465769484,0.22162629666981304,0.004411306030508074,0.2063902479878818,0.0,0.0,-8.415603848192722,outputs/stage1/ppo/trial_0003/result_seed_42.json,outputs/stage1/ppo/trial_0003/config.yaml,
