{
  "algorithm": "DDPG",
  "environment": "MEC-v1-game-theory-continuous-ma",
  "seed": 42,
  "device": "cpu",
  "train_timesteps": 100000,
  "checkpoint_dir": "experiments\\paper2_full_17_vscode\\artifacts\\DDPG\\checkpoints",
  "final_eval": {
    "eval/reward_mean": -8.160921840946529,
    "eval/reward_std": 1.8645380573846186,
    "eval/latency_mean": 0.1872126183699037,
    "eval/energy_mean": 0.6900214861152992,
    "eval/e2e_latency_mean": 0.1872126183699037,
    "eval/e2e_latency_p95": 0.34765123246601487,
    "eval/deadline_miss_rate": 0.0,
    "eval/throughput_tasks_per_step": 1.0,
    "eval/comm_score": 74.16520091400415,
    "eval/latency_total_mean": 18.72126183699037,
    "eval/energy_total_mean": 0.6900214861152992,
    "eval/latency_per_step_mean": 0.18721261836990372,
    "eval/energy_per_step_mean": 0.0069002148611529935,
    "eval/latency_per_task_mean": 0.18721261836990372,
    "eval/energy_per_task_mean": 0.0069002148611529935,
    "eval/episode_steps_mean": 100.0,
    "eval/episode_tasks_mean": 100.0
  },
  "status": "success"
}