{
  "algorithm": "DDQN",
  "environment": "MEC-v1-game-theory-discrete-ma",
  "seed": 42,
  "device": "cpu",
  "train_timesteps": 100000,
  "checkpoint_dir": "experiments\\paper2_full_17_vscode\\artifacts\\DDQN\\checkpoints",
  "final_eval": {
    "eval/reward_mean": -18.52455366412629,
    "eval/reward_std": 2.4769256317111363,
    "eval/latency_mean": 0.30064998036091095,
    "eval/energy_mean": 0.541356513977665,
    "eval/e2e_latency_mean": 0.30064998036091095,
    "eval/e2e_latency_p95": 0.9561451573220362,
    "eval/deadline_miss_rate": 0.016,
    "eval/throughput_tasks_per_step": 1.0,
    "eval/comm_score": 50.289098076876066,
    "eval/latency_total_mean": 30.064998036091094,
    "eval/energy_total_mean": 0.541356513977665,
    "eval/latency_per_step_mean": 0.30064998036091095,
    "eval/energy_per_step_mean": 0.005413565139776651,
    "eval/latency_per_task_mean": 0.30064998036091095,
    "eval/energy_per_task_mean": 0.005413565139776651,
    "eval/episode_steps_mean": 100.0,
    "eval/episode_tasks_mean": 100.0
  },
  "status": "success"
}