{
  "algorithm": "SimPO",
  "environment": "MEC-v1-game-theory-discrete-ma",
  "seed": 42,
  "device": "cpu",
  "train_timesteps": 100000,
  "checkpoint_dir": "experiments\\paper2_full_17_vscode\\artifacts\\SimPO\\checkpoints",
  "final_eval": {
    "eval/reward_mean": -4.788894988588436,
    "eval/reward_std": 0.17690476070603273,
    "eval/latency_mean": 0.213169228543121,
    "eval/energy_mean": 0.6527273120669903,
    "eval/e2e_latency_mean": 0.213169228543121,
    "eval/e2e_latency_p95": 0.4014369089442542,
    "eval/deadline_miss_rate": 0.0,
    "eval/throughput_tasks_per_step": 1.0,
    "eval/comm_score": 71.25577155700502,
    "eval/latency_total_mean": 21.3169228543121,
    "eval/energy_total_mean": 0.6527273120669903,
    "eval/latency_per_step_mean": 0.21316922854312098,
    "eval/energy_per_step_mean": 0.006527273120669902,
    "eval/latency_per_task_mean": 0.21316922854312098,
    "eval/energy_per_task_mean": 0.006527273120669902,
    "eval/episode_steps_mean": 100.0,
    "eval/episode_tasks_mean": 100.0
  },
  "status": "success"
}