{
  "algorithm": "VDN",
  "environment": "MEC-v1-game-theory-discrete-ma",
  "seed": 42,
  "device": "cpu",
  "train_timesteps": 100000,
  "checkpoint_dir": "experiments\\paper2_full_17_vscode\\artifacts\\VDN\\checkpoints",
  "final_eval": {
    "eval/reward_mean": -96.95033605207162,
    "eval/reward_std": 21.65193359543272,
    "eval/latency_mean": 0.31684617605542736,
    "eval/energy_mean": 6.48201330873802,
    "eval/e2e_latency_mean": 0.31684617605542736,
    "eval/e2e_latency_p95": 0.9080831959371658,
    "eval/deadline_miss_rate": 0.016,
    "eval/throughput_tasks_per_step": 3.0,
    "eval/comm_score": 154.18644325845207,
    "eval/latency_total_mean": 95.0538528166282,
    "eval/energy_total_mean": 6.48201330873802,
    "eval/latency_per_step_mean": 0.9505385281662819,
    "eval/energy_per_step_mean": 0.06482013308738019,
    "eval/latency_per_task_mean": 0.31684617605542736,
    "eval/energy_per_task_mean": 0.021606711029126736,
    "eval/episode_steps_mean": 100.0,
    "eval/episode_tasks_mean": 300.0
  },
  "status": "success"
}