{
  "algorithm": "GRPO",
  "environment": "MEC-v1-game-theory-continuous-ma",
  "seed": 42,
  "device": "cpu",
  "train_timesteps": 100000,
  "checkpoint_dir": "experiments\\paper2_full_17_vscode\\artifacts\\GRPO\\checkpoints",
  "final_eval": {
    "eval/reward_mean": -4.917848689057525,
    "eval/reward_std": 0.240492933417113,
    "eval/latency_mean": 0.21516691810982086,
    "eval/energy_mean": 0.7054421047545145,
    "eval/e2e_latency_mean": 0.21516691810982086,
    "eval/e2e_latency_p95": 0.4273702704368504,
    "eval/deadline_miss_rate": 0.0,
    "eval/throughput_tasks_per_step": 1.0,
    "eval/comm_score": 69.95518546817887,
    "eval/latency_total_mean": 21.516691810982085,
    "eval/energy_total_mean": 0.7054421047545145,
    "eval/latency_per_step_mean": 0.21516691810982086,
    "eval/energy_per_step_mean": 0.007054421047545147,
    "eval/latency_per_task_mean": 0.21516691810982086,
    "eval/energy_per_task_mean": 0.007054421047545147,
    "eval/episode_steps_mean": 100.0,
    "eval/episode_tasks_mean": 100.0
  },
  "status": "success"
}