{
  "algorithm": "COMA",
  "environment": "MEC-v1-game-theory-discrete-ma",
  "environment_profile": "mainline-a",
  "seed": 42,
  "device": "cpu",
  "train_timesteps": 10000,
  "checkpoint_dir": "checkpoints/coma",
  "final_eval": {
    "eval/reward_mean": -71.6474379988762,
    "eval/reward_std": 7.430720414835904,
    "eval/latency_mean": 0.42856034411157845,
    "eval/energy_mean": 3.1011611038327103,
    "eval/e2e_latency_mean": 0.42856034411157845,
    "eval/e2e_latency_p95": 0.8420346894467052,
    "eval/deadline_miss_rate": 0.018333333333333333,
    "eval/throughput_tasks_per_step": 3.0,
    "eval/comm_score": 159.6088439299086,
    "eval/latency_total_mean": 128.56810323347355,
    "eval/energy_total_mean": 3.1011611038327103,
    "eval/latency_per_step_mean": 1.2856810323347354,
    "eval/energy_per_step_mean": 0.031011611038327107,
    "eval/latency_per_task_mean": 0.4285603441115785,
    "eval/energy_per_task_mean": 0.010337203679442368,
    "eval/episode_steps_mean": 100.0,
    "eval/episode_tasks_mean": 300.0,
    "eval/social_welfare_mean": -71.6474379988762,
    "eval/social_welfare_per_step_mean": -0.7164743799887622,
    "eval/agent_reward_jain_mean": 0.5763485608960872,
    "eval/queue_wait_mean_mean": 0.001852700872143032,
    "eval/queue_wait_mean_std": 0.004946003979914143,
    "eval/queue_wait_mean_p95": 0.005422806832939386,
    "eval/queue_wait_max_mean": 0.00342208507295436,
    "eval/queue_wait_max_std": 0.006402941624813267,
    "eval/queue_wait_max_p95": 0.011051831766963005,
    "eval/step_deadline_miss_rate_mean": 0.018333333333333333,
    "eval/offload_ratio_mean_mean": 0.10388648569452391,
    "eval/non_nearest_server_rate_mean": 0.9463333333333332,
    "eval/e2e_latency_max_mean": 0.6651014948712104,
    "eval/constraint/penalty_mean_mean": 0.0032026577295253557,
    "eval/constraint/penalty_mean_std": 0.09757215273913478,
    "eval/constraint/barrier_mean_mean": -0.00023734643065801553,
    "eval/constraint/barrier_mean_std": 7.514375346847932e-05,
    "eval/constraint/violation_energy_mean_mean": 0.0,
    "eval/constraint/violation_power_mean_mean": 0.0,
    "eval/constraint/violation_latency_mean_mean": 0.0072682075059273465,
    "eval/constraint/any_violation_mean": 0.004,
    "eval/fairness/efx_satisfied_mean": 0.0,
    "eval/fairness/efx_transfer_sum_abs_mean": 0.09616309076547623,
    "eval/fairness/cpnet_score_mean_mean": 0.8342283932367961,
    "eval/reward_component/r_imm_mean": -0.13546506868451788,
    "eval/reward_component/r_coop_mean": -0.031362990903573695,
    "eval/reward_component/r_eq_mean": -1.254999940375916,
    "eval/reward_component/alpha_mean": 0.7771252041193375,
    "eval/reward_component/beta_mean": 0.1308288610039854,
    "eval/reward_component/gamma_mean": 0.09204593487667705,
    "eval/reward_component/penalty_mean": 0.0032026577295253553,
    "eval/reward_component/barrier_mean": -0.00023734643065801553,
    "eval/reward_component/queue_wait_mean": 0.001852700872143032,
    "eval/reward_component/deadline_miss_ratio_mean": 0.006213742725703754,
    "eval/reward_component/nearest_server_selected_mean": 0.05366666666666667,
    "eval/reward_component/r_fair_mean": -0.000770071147630612,
    "eval/reward_component/r_fair_raw_mean": -0.000770071147630612,
    "eval/reward_component/r_price_mean": -0.010388648569452388,
    "eval/reward_component/mainline_a_price_cost_mean": 0.20777297138904782,
    "eval/reward_component/cp_pref_mean": 0.8342283932367961,
    "eval/reward_component/efx_satisfied_mean": 0.0,
    "eval/reward_component/efx_iterations_mean": 32.0,
    "eval/reward_component/communication_cost_mean": 0.14515960201823797,
    "eval/reward_component/cooperation_gain_mean": -0.10540603995336971,
    "eval/mainline_a_reward/delay_cost_mean": 0.4211315255445578,
    "eval/mainline_a_reward/energy_cost_mean": 0.020885685449479788,
    "eval/mainline_a_reward/queue_penalty_mean": 0.0,
    "eval/mainline_a_reward/migration_penalty_mean": 0.9463333333333332,
    "eval/mainline_a_reward/deadline_violation_penalty_mean": 0.018333333333333333,
    "eval/mainline_a_reward/cooperation_gain_mean": -0.10540603995336971,
    "eval/mainline_a_reward/price_payment_mean": 0.73409490339607,
    "eval/mainline_a_reward/provider_revenue_mean": 0.73409490339607,
    "eval/mainline_a_reward/constraint_penalty_mean": 4.521724414428076,
    "eval/mainline_a_reward/follower_total_demand_mean": 0.367047451698035,
    "eval/pricing/price_mean": 2.0,
    "eval/pricing/price_std": 0.0,
    "eval/pricing/price_p95": 2.0,
    "eval/pricing/provider_revenue_proxy_mean": 6.0,
    "eval/pricing/provider_revenue_proxy_std": 0.0,
    "eval/queue/arrival_rates_mean": 0.10388648765099545,
    "eval/queue/service_rates_mean": 9.990010261535645,
    "eval/queue/queue_delay_mean": 0.0011873542161629303,
    "eval/queue/system_delay_mean": 0.10128734952708085,
    "eval/queue/rho_mean": 0.010399037211512526,
    "eval/queue/length_mean": 0.0,
    "eval/channel/quality_mean_mean": -4.50339107993668,
    "eval/channel/quality_std_mean": 7.009592065350476,
    "eval/action/local_target_rate_mean": 0.0029999999999999996,
    "eval/action/edge_target_rate_mean": 0.997,
    "eval/action/target_mean_mean": 2.8173333333333335,
    "eval/action/target_mean_std": 0.34571921812039574,
    "eval/action/individual_offload_mean_mean": 0.10388648569452391
  },
  "resolved_runtime_config": {
    "algorithm": "COMA",
    "config_path": "outputs/stage1/coma/trial_0002/config.yaml",
    "config_sha256": "67ed653759f82dcb714eacddc217f8c4039e089cf7bc6c2b2d51b3de70f52b0c",
    "base_algorithm_config": {
      "algorithm": {
        "discrete": true,
        "gamma": 0.9914988443777952,
        "grad_clip": 0.4945099391701493,
        "critic_loss_coeff": 0.45071963347531213,
        "entropy_coeff": 0.001982228078454998,
        "name": "COMA",
        "num_epochs": 8,
        "policy_clip_high": 1.1633921597230255,
        "policy_clip_low": 0.7739488974565335
      },
      "evaluation": {
        "num_episodes": 10
      },
      "game_theory": {
        "cpnet_enabled": true,
        "ctde_with_hints": false,
        "efx_enabled": true,
        "efx_transfer_rate": 0.5,
        "enabled": true,
        "reward_weights": [
          0.8,
          0.1,
          0.1
        ],
        "use_shapley_credit": false,
        "warm_start_lr_scale": 0.6311651569908371,
        "warm_start_steps": 0
      },
      "logging": {
        "checkpoint_dir": "checkpoints/coma",
        "eval_interval": 2500,
        "log_interval": 10,
        "save_interval": 50000,
        "min_eval_points": 32,
        "eval_at_start": true
      },
      "network": {
        "hidden_dim": 512
      },
      "training": {
        "lr": 7.903285213417812e-05,
        "rollout_steps": 1024,
        "seed": 42,
        "total_timesteps": 100000
      },
      "stage1_tuning": {
        "trial_id": "0002",
        "trial_name": "sample-0002",
        "source_search_config": "configs/tuning/stage1_coma_mainline_a.yaml",
        "environment_profile": "mainline-a"
      }
    },
    "cli_overrides": {
      "timesteps": 10000,
      "seed": 42,
      "device": "auto",
      "eval_episodes": null,
      "env": "auto",
      "environment_profile": "mainline-a"
    },
    "environment": "MEC-v1-game-theory-discrete-ma",
    "environment_profile": "mainline-a",
    "env_overrides": {
      "enable_mainline_a": true,
      "system_model_config": "configs/system_model_mainline_a.yaml",
      "dynamic_pricing_config": "configs/pricing_dynamic_mainline_a.yaml"
    },
    "game_theory_config": {
      "enabled": true,
      "use_shapley_credit": false,
      "ctde_with_hints": false,
      "warm_start_steps": 0,
      "warm_start_lr_scale": 0.6311651569908371,
      "shapley_samples": 128,
      "reward_weights": [
        0.8,
        0.1,
        0.1
      ],
      "efx_enabled": true,
      "cpnet_enabled": true,
      "efx_transfer_rate": 0.5
    },