{
  "algorithm": "GRPO",
  "environment": "MEC-v1-game-theory-continuous-ma",
  "seed": 42,
  "device": "cpu",
  "train_timesteps": 100000,
  "checkpoint_dir": "experiments\\paper2_full_17_vscode\\artifacts\\GRPO\\checkpoints",
  "final_eval": {
    "eval/reward_mean": -6.233077401213232,
    "eval/reward_std": 0.28936591531927724,
    "eval/latency_mean": 0.20594462966196436,
    "eval/energy_mean": 0.7167865962759438,
    "eval/e2e_latency_mean": 0.20594462966196436,
    "eval/e2e_latency_p95": 0.3997591982280038,
    "eval/deadline_miss_rate": 0.0,
    "eval/throughput_tasks_per_step": 1.0,
    "eval/comm_score": 71.40429474236731,
    "eval/latency_total_mean": 20.59446296619644,
    "eval/energy_total_mean": 0.7167865962759438,
    "eval/latency_per_step_mean": 0.2059446296619644,
    "eval/energy_per_step_mean": 0.007167865962759437,
    "eval/latency_per_task_mean": 0.2059446296619644,
    "eval/energy_per_task_mean": 0.007167865962759437,
    "eval/episode_steps_mean": 100.0,
    "eval/episode_tasks_mean": 100.0
  },
  "status": "success"
}