{
  "algorithm": "COMA",
  "environment": "MEC-v1-game-theory-discrete-ma",
  "seed": 42,
  "device": "cpu",
  "train_timesteps": 100000,
  "checkpoint_dir": "experiments\\paper2_full_17_vscode\\artifacts\\COMA\\checkpoints",
  "final_eval": {
    "eval/reward_mean": -23.056823036843582,
    "eval/reward_std": 1.164680286557034,
    "eval/latency_mean": 0.3462000221284085,
    "eval/energy_mean": 1.7825192751590855,
    "eval/e2e_latency_mean": 0.3462000221284085,
    "eval/e2e_latency_p95": 0.7981183412924118,
    "eval/deadline_miss_rate": 0.0,
    "eval/throughput_tasks_per_step": 3.0,
    "eval/comm_score": 166.78596362727717,
    "eval/latency_total_mean": 103.86000663852255,
    "eval/energy_total_mean": 1.7825192751590855,
    "eval/latency_per_step_mean": 1.0386000663852255,
    "eval/energy_per_step_mean": 0.017825192751590856,
    "eval/latency_per_task_mean": 0.3462000221284086,
    "eval/energy_per_task_mean": 0.005941730917196952,
    "eval/episode_steps_mean": 100.0,
    "eval/episode_tasks_mean": 300.0
  },
  "status": "success"
}