{
  "algorithm": "IPPO",
  "environment": "MEC-v1-game-theory-discrete-ma",
  "seed": 42,
  "device": "cpu",
  "train_timesteps": 100000,
  "checkpoint_dir": "experiments\\paper2_full_17_vscode\\artifacts\\IPPO\\checkpoints",
  "final_eval": {
    "eval/reward_mean": -34.754231465120625,
    "eval/reward_std": 1.3357438753178452,
    "eval/latency_mean": 0.17126744772659042,
    "eval/energy_mean": 2.398356343982822,
    "eval/e2e_latency_mean": 0.17126744772659042,
    "eval/e2e_latency_p95": 0.3218409463141345,
    "eval/deadline_miss_rate": 0.0003333333333333333,
    "eval/throughput_tasks_per_step": 3.0,
    "eval/comm_score": 226.7434144278825,
    "eval/latency_total_mean": 51.38023431797713,
    "eval/energy_total_mean": 2.398356343982822,
    "eval/latency_per_step_mean": 0.5138023431797714,
    "eval/energy_per_step_mean": 0.023983563439828222,
    "eval/latency_per_task_mean": 0.17126744772659044,
    "eval/energy_per_task_mean": 0.007994521146609406,
    "eval/episode_steps_mean": 100.0,
    "eval/episode_tasks_mean": 300.0
  },
  "status": "success"
}