{
  "algorithm": "QMIX",
  "environment": "MEC-v1-game-theory-discrete-ma",
  "seed": 42,
  "device": "cpu",
  "train_timesteps": 100000,
  "checkpoint_dir": "experiments\\paper2_full_17_vscode\\artifacts\\QMIX\\checkpoints",
  "final_eval": {
    "eval/reward_mean": -211.1126444448277,
    "eval/reward_std": 310.47811919603043,
    "eval/latency_mean": 0.736028462467964,
    "eval/energy_mean": 24.28833577134329,
    "eval/e2e_latency_mean": 0.736028462467964,
    "eval/e2e_latency_p95": 3.4034967205435653,
    "eval/deadline_miss_rate": 0.074,
    "eval/throughput_tasks_per_step": 3.0,
    "eval/comm_score": 62.740172900624785,
    "eval/latency_total_mean": 220.80853874038922,
    "eval/energy_total_mean": 24.28833577134329,
    "eval/latency_per_step_mean": 2.2080853874038917,
    "eval/energy_per_step_mean": 0.24288335771343297,
    "eval/latency_per_task_mean": 0.736028462467964,
    "eval/energy_per_task_mean": 0.08096111923781099,
    "eval/episode_steps_mean": 100.0,
    "eval/episode_tasks_mean": 300.0
  },
  "status": "success"
}