{
  "algorithm": "IQL",
  "environment": "MEC-v1-game-theory-discrete-ma",
  "seed": 42,
  "device": "cpu",
  "train_timesteps": 100000,
  "checkpoint_dir": "experiments\\paper2_full_17_vscode\\artifacts\\IQL\\checkpoints",
  "final_eval": {
    "eval/reward_mean": -5295.459581376211,
    "eval/reward_std": 11394.68970568239,
    "eval/latency_mean": 1.2824350724847808,
    "eval/energy_mean": 42.847538183026224,
    "eval/e2e_latency_mean": 1.2824350724847808,
    "eval/e2e_latency_p95": 2.185599017316138,
    "eval/deadline_miss_rate": 0.058,
    "eval/throughput_tasks_per_step": 3.0,
    "eval/comm_score": 88.31576961417397,
    "eval/latency_total_mean": 384.7305217454344,
    "eval/energy_total_mean": 42.847538183026224,
    "eval/latency_per_step_mean": 3.8473052174543434,
    "eval/energy_per_step_mean": 0.4284753818302621,
    "eval/latency_per_task_mean": 1.282435072484781,
    "eval/energy_per_task_mean": 0.14282512727675406,
    "eval/episode_steps_mean": 100.0,
    "eval/episode_tasks_mean": 300.0
  },
  "status": "success"
}