{
  "algorithm": "TRPO",
  "environment": "MEC-v1-game-theory-continuous-ma",
  "seed": 42,
  "device": "cpu",
  "train_timesteps": 100000,
  "checkpoint_dir": "experiments\\paper2_full_17_vscode\\artifacts\\TRPO\\checkpoints",
  "final_eval": {
    "eval/reward_mean": -9.568989396069606,
    "eval/reward_std": 0.5566037294340986,
    "eval/latency_mean": 0.10743375400093132,
    "eval/energy_mean": 0.2546854958982276,
    "eval/e2e_latency_mean": 0.10743375400093132,
    "eval/e2e_latency_p95": 0.19869374363060247,
    "eval/deadline_miss_rate": 0.0,
    "eval/throughput_tasks_per_step": 1.0,
    "eval/comm_score": 83.4064231376953,
    "eval/latency_total_mean": 10.74337540009313,
    "eval/energy_total_mean": 0.2546854958982276,
    "eval/latency_per_step_mean": 0.10743375400093132,
    "eval/energy_per_step_mean": 0.0025468549589822763,
    "eval/latency_per_task_mean": 0.10743375400093132,
    "eval/energy_per_task_mean": 0.0025468549589822763,
    "eval/episode_steps_mean": 100.0,
    "eval/episode_tasks_mean": 100.0
  },
  "status": "success"
}