{
  "algorithm": "MADDPG",
  "environment": "MEC-v1-game-theory-continuous-ma",
  "seed": 42,
  "device": "cpu",
  "train_timesteps": 100000,
  "checkpoint_dir": "experiments\\paper2_full_17_vscode\\artifacts\\MADDPG\\checkpoints",
  "final_eval": {
    "eval/reward_mean": -21.732646316627285,
    "eval/reward_std": 1.2356414021980853,
    "eval/latency_mean": 0.1689220754982597,
    "eval/energy_mean": 2.5242129102411055,
    "eval/e2e_latency_mean": 0.1689220754982597,
    "eval/e2e_latency_p95": 0.3188401444762822,
    "eval/deadline_miss_rate": 0.0,
    "eval/throughput_tasks_per_step": 3.0,
    "eval/comm_score": 227.038059807636,
    "eval/latency_total_mean": 50.67662264947789,
    "eval/energy_total_mean": 2.5242129102411055,
    "eval/latency_per_step_mean": 0.5067662264947791,
    "eval/energy_per_step_mean": 0.02524212910241106,
    "eval/latency_per_task_mean": 0.16892207549825966,
    "eval/energy_per_task_mean": 0.008414043034137019,
    "eval/episode_steps_mean": 100.0,
    "eval/episode_tasks_mean": 300.0
  },
  "status": "success"
}