{
  "algorithm": "VDN",
  "environment": "MEC-v1-game-theory-discrete-ma",
  "seed": 42,
  "device": "cpu",
  "train_timesteps": 100000,
  "checkpoint_dir": "experiments\\paper2_full_17_vscode\\artifacts\\VDN\\checkpoints",
  "final_eval": {
    "eval/reward_mean": -125.93391177393637,
    "eval/reward_std": 102.8796525975458,
    "eval/latency_mean": 0.47586429245794276,
    "eval/energy_mean": 28.959762594145992,
    "eval/e2e_latency_mean": 0.47586429245794276,
    "eval/e2e_latency_p95": 1.7449416199456793,
    "eval/deadline_miss_rate": 0.042333333333333334,
    "eval/throughput_tasks_per_step": 3.0,
    "eval/comm_score": 104.29845880306006,
    "eval/latency_total_mean": 142.7592877373828,
    "eval/energy_total_mean": 28.959762594145992,
    "eval/latency_per_step_mean": 1.427592877373828,
    "eval/energy_per_step_mean": 0.28959762594145994,
    "eval/latency_per_task_mean": 0.4758642924579427,
    "eval/energy_per_task_mean": 0.09653254198048664,
    "eval/episode_steps_mean": 100.0,
    "eval/episode_tasks_mean": 300.0
  },
  "status": "success"
}