{
  "algorithm": "MATD3",
  "environment": "MEC-v1-game-theory-continuous-ma",
  "seed": 42,
  "device": "cpu",
  "train_timesteps": 100000,
  "checkpoint_dir": "experiments\\paper2_full_17_vscode\\artifacts\\MATD3\\checkpoints",
  "final_eval": {
    "eval/reward_mean": -41.493593535629934,
    "eval/reward_std": 2.7390556947299407,
    "eval/latency_mean": 0.25976163744260694,
    "eval/energy_mean": 2.333419326108659,
    "eval/e2e_latency_mean": 0.25976163744260694,
    "eval/e2e_latency_p95": 0.7988827653795605,
    "eval/deadline_miss_rate": 0.010666666666666666,
    "eval/throughput_tasks_per_step": 3.0,
    "eval/comm_score": 164.91998805062573,
    "eval/latency_total_mean": 77.92849123278208,
    "eval/energy_total_mean": 2.333419326108659,
    "eval/latency_per_step_mean": 0.7792849123278209,
    "eval/energy_per_step_mean": 0.02333419326108659,
    "eval/latency_per_task_mean": 0.25976163744260694,
    "eval/energy_per_task_mean": 0.007778064420362196,
    "eval/episode_steps_mean": 100.0,
    "eval/episode_tasks_mean": 300.0
  },
  "status": "success"
}