{
  "algorithm": "QMIX",
  "environment": "MEC-v1-game-theory-discrete-ma",
  "seed": 42,
  "device": "cpu",
  "train_timesteps": 100000,
  "checkpoint_dir": "experiments\\paper2_full_17_vscode\\artifacts\\QMIX\\checkpoints",
  "final_eval": {
    "eval/reward_mean": -191.7024277220427,
    "eval/reward_std": 284.668312587577,
    "eval/latency_mean": 0.5354062715291308,
    "eval/energy_mean": 17.30195958263416,
    "eval/e2e_latency_mean": 0.5354062715291308,
    "eval/e2e_latency_p95": 1.4827175412015776,
    "eval/deadline_miss_rate": 0.04566666666666667,
    "eval/throughput_tasks_per_step": 3.0,
    "eval/comm_score": 115.04992635469141,
    "eval/latency_total_mean": 160.62188145873924,
    "eval/energy_total_mean": 17.30195958263416,
    "eval/latency_per_step_mean": 1.6062188145873926,
    "eval/energy_per_step_mean": 0.17301959582634158,
    "eval/latency_per_task_mean": 0.5354062715291308,
    "eval/energy_per_task_mean": 0.05767319860878053,
    "eval/episode_steps_mean": 100.0,
    "eval/episode_tasks_mean": 300.0
  },
  "status": "success"
}