{
  "algorithm": "COMA",
  "environment": "MEC-v1-game-theory-discrete-ma",
  "seed": 42,
  "device": "cpu",
  "train_timesteps": 100000,
  "checkpoint_dir": "experiments\\paper2_full_17_vscode\\artifacts\\COMA\\checkpoints",
  "final_eval": {
    "eval/reward_mean": -16.43650744538444,
    "eval/reward_std": 0.8948556586016582,
    "eval/latency_mean": 0.3350522911196563,
    "eval/energy_mean": 1.7750889979187918,
    "eval/e2e_latency_mean": 0.3350522911196563,
    "eval/e2e_latency_p95": 0.7801165955964953,
    "eval/deadline_miss_rate": 0.0,
    "eval/throughput_tasks_per_step": 3.0,
    "eval/comm_score": 168.36040180988027,
    "eval/latency_total_mean": 100.5156873358969,
    "eval/energy_total_mean": 1.7750889979187918,
    "eval/latency_per_step_mean": 1.005156873358969,
    "eval/energy_per_step_mean": 0.017750889979187917,
    "eval/latency_per_task_mean": 0.3350522911196563,
    "eval/energy_per_task_mean": 0.005916963326395972,
    "eval/episode_steps_mean": 100.0,
    "eval/episode_tasks_mean": 300.0
  },
  "status": "success"
}