{
  "algorithm": "TD3",
  "environment": "MEC-v1-game-theory-continuous-ma",
  "seed": 42,
  "device": "cpu",
  "train_timesteps": 100000,
  "checkpoint_dir": "experiments\\paper2_full_17_vscode\\artifacts\\TD3\\checkpoints",
  "final_eval": {
    "eval/reward_mean": -5.770454330803981,
    "eval/reward_std": 0.6708173941515769,
    "eval/latency_mean": 0.27241629919421756,
    "eval/energy_mean": 0.6535367279614474,
    "eval/e2e_latency_mean": 0.27241629919421756,
    "eval/e2e_latency_p95": 0.5814115532943102,
    "eval/deadline_miss_rate": 0.0,
    "eval/throughput_tasks_per_step": 1.0,
    "eval/comm_score": 63.15634587154163,
    "eval/latency_total_mean": 27.241629919421758,
    "eval/energy_total_mean": 0.6535367279614474,
    "eval/latency_per_step_mean": 0.27241629919421767,
    "eval/energy_per_step_mean": 0.006535367279614473,
    "eval/latency_per_task_mean": 0.27241629919421767,
    "eval/energy_per_task_mean": 0.006535367279614473,
    "eval/episode_steps_mean": 100.0,
    "eval/episode_tasks_mean": 100.0
  },
  "status": "success"
}