{
  "algorithm": "SAC",
  "environment": "MEC-v1-game-theory-continuous-ma",
  "seed": 42,
  "device": "cpu",
  "train_timesteps": 100000,
  "checkpoint_dir": "experiments\\paper2_full_17_vscode\\artifacts\\SAC\\checkpoints",
  "final_eval": {
    "eval/reward_mean": -38.019598281342255,
    "eval/reward_std": 1.0026497245149286,
    "eval/latency_mean": 1.0057769637054763,
    "eval/energy_mean": 1.0376826617831825,
    "eval/e2e_latency_mean": 1.0057769637054763,
    "eval/e2e_latency_p95": 1.8940632198966267,
    "eval/deadline_miss_rate": 0.133,
    "eval/throughput_tasks_per_step": 1.0,
    "eval/comm_score": 29.925690390727702,
    "eval/latency_total_mean": 100.57769637054761,
    "eval/energy_total_mean": 1.0376826617831825,
    "eval/latency_per_step_mean": 1.0057769637054763,
    "eval/energy_per_step_mean": 0.010376826617831826,
    "eval/latency_per_task_mean": 1.0057769637054763,
    "eval/energy_per_task_mean": 0.010376826617831826,
    "eval/episode_steps_mean": 100.0,
    "eval/episode_tasks_mean": 100.0
  },
  "status": "success"
}