{
  "algorithm": "DDQN",
  "environment": "MEC-v1-game-theory-discrete-ma",
  "seed": 42,
  "device": "cpu",
  "train_timesteps": 100000,
  "checkpoint_dir": "experiments\\paper2_full_17_vscode\\artifacts\\DDQN\\checkpoints",
  "final_eval": {
    "eval/reward_mean": -12.453449839678262,
    "eval/reward_std": 1.9188238554106916,
    "eval/latency_mean": 0.20448386402280666,
    "eval/energy_mean": 0.5207999039392348,
    "eval/e2e_latency_mean": 0.20448386402280666,
    "eval/e2e_latency_p95": 0.4472470654697989,
    "eval/deadline_miss_rate": 0.001,
    "eval/throughput_tasks_per_step": 1.0,
    "eval/comm_score": 68.95316630712166,
    "eval/latency_total_mean": 20.44838640228066,
    "eval/energy_total_mean": 0.5207999039392348,
    "eval/latency_per_step_mean": 0.20448386402280666,
    "eval/energy_per_step_mean": 0.005207999039392348,
    "eval/latency_per_task_mean": 0.20448386402280666,
    "eval/energy_per_task_mean": 0.005207999039392348,
    "eval/episode_steps_mean": 100.0,
    "eval/episode_tasks_mean": 100.0
  },
  "status": "success"
}