{
  "algorithm": "MAPPO",
  "environment": "MEC-v1-game-theory-discrete-ma",
  "seed": 42,
  "device": "cpu",
  "train_timesteps": 100000,
  "checkpoint_dir": "experiments\\paper2_full_17_vscode\\artifacts\\MAPPO\\checkpoints",
  "final_eval": {
    "eval/reward_mean": -25.611589644021855,
    "eval/reward_std": 1.0650406388013975,
    "eval/latency_mean": 0.38987513611164626,
    "eval/energy_mean": 1.8949822699349106,
    "eval/e2e_latency_mean": 0.38987513611164626,
    "eval/e2e_latency_p95": 1.086522941035879,
    "eval/deadline_miss_rate": 0.0,
    "eval/throughput_tasks_per_step": 3.0,
    "eval/comm_score": 143.73635749951114,
    "eval/latency_total_mean": 116.96254083349386,
    "eval/energy_total_mean": 1.8949822699349106,
    "eval/latency_per_step_mean": 1.1696254083349387,
    "eval/energy_per_step_mean": 0.01894982269934911,
    "eval/latency_per_task_mean": 0.38987513611164626,
    "eval/energy_per_task_mean": 0.006316607566449703,
    "eval/episode_steps_mean": 100.0,
    "eval/episode_tasks_mean": 300.0
  },
  "status": "success"
}