{
  "algorithm": "MATD3",
  "environment": "MEC-v1-game-theory-continuous-ma",
  "seed": 42,
  "device": "cpu",
  "train_timesteps": 100000,
  "checkpoint_dir": "experiments\\paper2_full_17_vscode\\artifacts\\MATD3\\checkpoints",
  "final_eval": {
    "eval/reward_mean": -41.93776116552915,
    "eval/reward_std": 2.241941218481273,
    "eval/latency_mean": 0.2701325638322312,
    "eval/energy_mean": 2.810292669282133,
    "eval/e2e_latency_mean": 0.2701325638322312,
    "eval/e2e_latency_p95": 1.0320193078439648,
    "eval/deadline_miss_rate": 0.014333333333333333,
    "eval/throughput_tasks_per_step": 3.0,
    "eval/comm_score": 145.31929352974583,
    "eval/latency_total_mean": 81.03976914966935,
    "eval/energy_total_mean": 2.810292669282133,
    "eval/latency_per_step_mean": 0.8103976914966937,
    "eval/energy_per_step_mean": 0.02810292669282133,
    "eval/latency_per_task_mean": 0.2701325638322313,
    "eval/energy_per_task_mean": 0.009367642230940441,
    "eval/episode_steps_mean": 100.0,
    "eval/episode_tasks_mean": 300.0
  },
  "status": "success"
}