{
  "algorithm": "PPO",
  "environment": "MEC-v1-game-theory-continuous-ma",
  "environment_profile": "mainline-a",
  "seed": 42,
  "device": "cpu",
  "train_timesteps": 10000,
  "checkpoint_dir": "checkpoints/ppo",
  "final_eval": {
    "eval/reward_mean": -13.057334860117987,
    "eval/reward_std": 1.2802219049740602,
    "eval/latency_mean": 0.14545408819651615,
    "eval/energy_mean": 0.3044868140085043,
    "eval/e2e_latency_mean": 0.14545408819651615,
    "eval/e2e_latency_p95": 0.28111298177320676,
    "eval/deadline_miss_rate": 0.0,
    "eval/throughput_tasks_per_step": 1.0,
    "eval/comm_score": 78.00151128490651,
    "eval/latency_total_mean": 14.545408819651616,
    "eval/energy_total_mean": 0.3044868140085043,
    "eval/latency_per_step_mean": 0.14545408819651615,
    "eval/energy_per_step_mean": 0.0030448681400850426,
    "eval/latency_per_task_mean": 0.14545408819651615,
    "eval/energy_per_task_mean": 0.0030448681400850426,
    "eval/episode_steps_mean": 100.0,
    "eval/episode_tasks_mean": 100.0,
    "eval/social_welfare_mean": -13.057334860117987,
    "eval/social_welfare_per_step_mean": -0.1305733486011799,
    "eval/agent_reward_jain_mean": 1.0,
    "eval/queue_wait_mean_mean": 0.005258270258549601,
    "eval/queue_wait_mean_std": 0.0002110094735142135,
    "eval/queue_wait_mean_p95": 0.005453733191825449,
    "eval/queue_wait_max_mean": 0.005258270258549601,
    "eval/queue_wait_max_std": 0.0002110094735142135,
    "eval/queue_wait_max_p95": 0.005453733191825449,
    "eval/step_deadline_miss_rate_mean": 0.0,
    "eval/offload_ratio_mean_mean": 0.49854834053346975,
    "eval/non_nearest_server_rate_mean": 0.124,
    "eval/e2e_latency_max_mean": 0.14545408819651615,
    "eval/constraint/penalty_mean_mean": 0.0,
    "eval/constraint/penalty_mean_std": 0.0,
    "eval/constraint/barrier_mean_mean": -0.00031371895911386704,
    "eval/constraint/barrier_mean_std": 4.550200152036134e-06,
    "eval/constraint/violation_energy_mean_mean": 0.0,
    "eval/constraint/violation_power_mean_mean": 0.0,
    "eval/constraint/violation_latency_mean_mean": 0.0,
    "eval/constraint/any_violation_mean": 0.0,
    "eval/fairness/efx_satisfied_mean": 1.0,
    "eval/fairness/efx_transfer_sum_abs_mean": 0.0,
    "eval/fairness/cpnet_score_mean_mean": 1.1249204744696617,
    "eval/reward_component/r_imm_mean": -0.03576130961219658,
    "eval/reward_component/r_coop_mean": -0.0017088788381652124,
    "eval/reward_component/r_eq_mean": -0.5513556767230534,
    "eval/reward_component/alpha_mean": 0.8224251220032592,
    "eval/reward_component/beta_mean": 0.08437681272770521,
    "eval/reward_component/gamma_mean": 0.09319806526903542,
    "eval/reward_component/penalty_mean": 0.0,
    "eval/reward_component/barrier_mean": -0.00031371895911386704,
    "eval/reward_component/queue_wait_mean": 0.005258270258549601,
    "eval/reward_component/deadline_miss_ratio_mean": 0.0,
    "eval/reward_component/nearest_server_selected_mean": 0.876,
    "eval/reward_component/r_fair_mean": 0.0,
    "eval/reward_component/r_fair_raw_mean": 0.0,
    "eval/reward_component/r_price_mean": -0.04985483405334698,
    "eval/reward_component/mainline_a_price_cost_mean": 0.9970966810669395,
    "eval/reward_component/cp_pref_mean": 1.1249204744696617,
    "eval/reward_component/efx_satisfied_mean": 1.0,
    "eval/reward_component/efx_iterations_mean": 0.0,
    "eval/reward_component/communication_cost_mean": 0.039397661817109485,
    "eval/reward_component/cooperation_gain_mean": -0.0018318072121989817,
    "eval/mainline_a_reward/delay_cost_mean": 0.1449746357236814,
    "eval/mainline_a_reward/energy_cost_mean": 0.0030715228905867004,
    "eval/mainline_a_reward/queue_penalty_mean": 0.0,
    "eval/mainline_a_reward/migration_penalty_mean": 0.124,
    "eval/mainline_a_reward/deadline_violation_penalty_mean": 0.0,
    "eval/mainline_a_reward/cooperation_gain_mean": -0.0018318072121989817,
    "eval/mainline_a_reward/price_payment_mean": 1.920853923924764,
    "eval/mainline_a_reward/provider_revenue_mean": 1.920853923924764,
    "eval/mainline_a_reward/constraint_penalty_mean": 0.0,
    "eval/mainline_a_reward/follower_total_demand_mean": 0.960426961962382,
    "eval/pricing/price_mean": 2.0,
    "eval/pricing/price_std": 0.0,
    "eval/pricing/price_p95": 2.0,
    "eval/pricing/provider_revenue_proxy_mean": 6.0,
    "eval/pricing/provider_revenue_proxy_std": 0.0,
    "eval/queue/arrival_rates_mean": 0.16618278017640115,
    "eval/queue/service_rates_mean": 9.990010261535645,
    "eval/queue/queue_delay_mean": 0.001752756752849867,
    "eval/queue/system_delay_mean": 0.10185275303572416,
    "eval/queue/rho_mean": 0.01663489584500591,
    "eval/queue/length_mean": 0.0,
    "eval/channel/quality_mean_mean": 25.407908377123377,
    "eval/channel/quality_std_mean": 4.472182884677158,
    "eval/action/local_target_rate_mean": 0.0,
    "eval/action/edge_target_rate_mean": 1.0,
    "eval/action/target_mean_mean": 1.0,
    "eval/action/target_mean_std": 0.0,
    "eval/action/individual_offload_mean_mean": 0.49854834053346975
  },
  "resolved_runtime_config": {
    "algorithm": "PPO",
    "config_path": "outputs/stage1/ppo/trial_0001/config.yaml",
    "config_sha256": "891903e5ff076b1c2cef51143e3ea1a0dff14bead66c669ddec989529b8ed55b",
    "base_algorithm_config": {
      "algorithm": {
        "clip_grad": 0.9245256973933917,
        "ent_coeff": 0.007565559850956688,
        "eps_clip": 0.08400172083562671,
        "gae_lambda": 0.9247526386532208,
        "gamma": 0.9872321073814883,
        "name": "PPO",
        "num_epochs": 5,
        "type": "on_policy",
        "value_coeff": 0.6383497437114556
      },
      "evaluation": {
        "deterministic": true,
        "num_episodes": 10
      },
      "exploration": {
        "epsilon_decay_steps": 50000,
        "final_epsilon": 0.05,
        "initial_epsilon": 1.0
      },
      "game_theory": {
        "cpnet_enabled": true,
        "ctde_with_hints": false,
        "efx_enabled": true,
        "efx_transfer_rate": 0.5,
        "enabled": true,
        "reward_weights": [
          0.8,
          0.1,
          0.1
        ],
        "use_shapley_credit": false,
        "warm_start_lr_scale": 0.14684761993079623,
        "warm_start_steps": 0
      },
      "logging": {
        "checkpoint_dir": "checkpoints/ppo",
        "eval_interval": 2500,
        "log_dir": "logs/ppo",
        "log_interval": 10,
        "save_interval": 50000,
        "min_eval_points": 32,
        "eval_at_start": true
      },
      "network": {
        "activation": "relu",
        "discrete": true,
        "hidden_dim": 256
      },
      "training": {
        "batch_size": 128,
        "lr": 0.00024492178360187,
        "lr_schedule": false,
        "rollout_steps": 4096,
        "seed": 42,
        "total_timesteps": 100000
      },
      "stage1_tuning": {
        "trial_id": "0001",
        "trial_name": "sample-0001",
        "source_search_config": "configs/tuning/stage1_ppo_mainline_a.yaml",
        "environment_profile": "mainline-a"
      }
    },
    "cli_overrides": {
      "timesteps": 10000,
      "seed": 42,
      "device": "auto",
      "eval_episodes": null,
      "env": "auto",
      "environment_profile": "mainline-a"
    },
    "environment": "MEC-v1-game-theory-continuous-ma",
    "environment_profile": "mainline-a",
    "env_overrides": {
      "enable_mainline_a": true,
      "system_model_config": "configs/system_model_mainline_a.yaml",
      "dynamic_pricing_config": "configs/pricing_dynamic_mainline_a.yaml"
    },
    "game_theory_config": {
      "enabled": true,
      "use_shapley_credit": false,
      "ctde_with_hints": false,
      "warm_start_steps": 0,
      "warm_start_lr_scale": 0.14684761993079623,
      "shapley_samples": 128,
      "reward_weights": [
        0.8,
        0.1,
        0.1
      ],
      "efx_enabled": true,
      "cpnet_enabled": true,
      "efx_transfer_rate": 0.5
    },