{
  "algorithm": "MADDPG",
  "environment": "MEC-v1-game-theory-continuous-ma",
  "seed": 42,
  "device": "cpu",
  "train_timesteps": 100000,
  "checkpoint_dir": "experiments\\paper2_full_17_vscode\\artifacts\\MADDPG\\checkpoints",
  "final_eval": {
    "eval/reward_mean": -31.657544296091846,
    "eval/reward_std": 1.4800679222078035,
    "eval/latency_mean": 0.17899099918892963,
    "eval/energy_mean": 2.469163977825544,
    "eval/e2e_latency_mean": 0.17899099918892963,
    "eval/e2e_latency_p95": 0.32358301960131747,
    "eval/deadline_miss_rate": 0.0013333333333333333,
    "eval/throughput_tasks_per_step": 3.0,
    "eval/comm_score": 226.2146073040814,
    "eval/latency_total_mean": 53.69729975667889,
    "eval/energy_total_mean": 2.469163977825544,
    "eval/latency_per_step_mean": 0.536972997566789,
    "eval/energy_per_step_mean": 0.02469163977825544,
    "eval/latency_per_task_mean": 0.1789909991889296,
    "eval/energy_per_task_mean": 0.008230546592751815,
    "eval/episode_steps_mean": 100.0,
    "eval/episode_tasks_mean": 300.0
  },
  "status": "success"
}