{
  "algorithm": "MAPPO",
  "environment": "MEC-v1-game-theory-discrete-ma",
  "seed": 42,
  "device": "cpu",
  "train_timesteps": 100000,
  "checkpoint_dir": "experiments\\paper2_full_17_vscode\\artifacts\\MAPPO\\checkpoints",
  "final_eval": {
    "eval/reward_mean": -18.929097674477212,
    "eval/reward_std": 0.8715935204263556,
    "eval/latency_mean": 0.38998544997251194,
    "eval/energy_mean": 1.9013107471493282,
    "eval/e2e_latency_mean": 0.38998544997251194,
    "eval/e2e_latency_p95": 1.1026374349203758,
    "eval/deadline_miss_rate": 0.0,
    "eval/throughput_tasks_per_step": 3.0,
    "eval/comm_score": 142.54905053071138,
    "eval/latency_total_mean": 116.99563499175358,
    "eval/energy_total_mean": 1.9013107471493282,
    "eval/latency_per_step_mean": 1.1699563499175358,
    "eval/energy_per_step_mean": 0.019013107471493283,
    "eval/latency_per_task_mean": 0.3899854499725119,
    "eval/energy_per_task_mean": 0.006337702490497761,
    "eval/episode_steps_mean": 100.0,
    "eval/episode_tasks_mean": 300.0
  },
  "status": "success"
}