{
  "algorithm": "PPO",
  "environment": "MEC-v1-game-theory-continuous-ma",
  "environment_profile": "mainline-a",
  "seed": 42,
  "device": "cpu",
  "train_timesteps": 10000,
  "checkpoint_dir": "checkpoints/ppo",
  "final_eval": {
    "eval/reward_mean": -10.321184568109176,
    "eval/reward_std": 0.4289495513098891,
    "eval/latency_mean": 0.18404234580006165,
    "eval/energy_mean": 0.3575809975299576,
    "eval/e2e_latency_mean": 0.18404234580006165,
    "eval/e2e_latency_p95": 0.35498646861507616,
    "eval/deadline_miss_rate": 0.0,
    "eval/throughput_tasks_per_step": 1.0,
    "eval/comm_score": 73.74309259065889,
    "eval/latency_total_mean": 18.404234580006165,
    "eval/energy_total_mean": 0.3575809975299576,
    "eval/latency_per_step_mean": 0.18404234580006162,
    "eval/energy_per_step_mean": 0.003575809975299575,
    "eval/latency_per_task_mean": 0.18404234580006162,
    "eval/energy_per_task_mean": 0.003575809975299575,
    "eval/episode_steps_mean": 100.0,
    "eval/episode_tasks_mean": 100.0,
    "eval/social_welfare_mean": -10.321184568109176,
    "eval/social_welfare_per_step_mean": -0.10321184568109175,
    "eval/agent_reward_jain_mean": 1.0,
    "eval/queue_wait_mean_mean": 0.004080953749828041,
    "eval/queue_wait_mean_std": 0.000502206471257683,
    "eval/queue_wait_mean_p95": 0.004311847244389355,
    "eval/queue_wait_max_mean": 0.004080953749828041,
    "eval/queue_wait_max_std": 0.000502206471257683,
    "eval/queue_wait_max_p95": 0.004311847244389355,
    "eval/step_deadline_miss_rate_mean": 0.0,
    "eval/offload_ratio_mean_mean": 0.3911088622478721,
    "eval/non_nearest_server_rate_mean": 0.011,
    "eval/e2e_latency_max_mean": 0.18404234580006165,
    "eval/constraint/penalty_mean_mean": 0.0,
    "eval/constraint/penalty_mean_std": 0.0,
    "eval/constraint/barrier_mean_mean": -0.00031049289476913844,
    "eval/constraint/barrier_mean_std": 5.9525076279289e-06,
    "eval/constraint/violation_energy_mean_mean": 0.0,
    "eval/constraint/violation_power_mean_mean": 0.0,
    "eval/constraint/violation_latency_mean_mean": 0.0,
    "eval/constraint/any_violation_mean": 0.0,
    "eval/fairness/efx_satisfied_mean": 1.0,
    "eval/fairness/efx_transfer_sum_abs_mean": 0.0,
    "eval/fairness/cpnet_score_mean_mean": 1.1263347747325898,
    "eval/reward_component/r_imm_mean": -0.037753935940631915,
    "eval/reward_component/r_coop_mean": -0.0043274697065534915,
    "eval/reward_component/r_eq_mean": -0.4384092323346623,
    "eval/reward_component/alpha_mean": 0.7548571253658289,
    "eval/reward_component/beta_mean": 0.16483381516863627,
    "eval/reward_component/gamma_mean": 0.08030905946553486,
    "eval/reward_component/penalty_mean": 0.0,
    "eval/reward_component/barrier_mean": -0.00031049289476913844,
    "eval/reward_component/queue_wait_mean": 0.004080953749828041,
    "eval/reward_component/deadline_miss_ratio_mean": 0.0,
    "eval/reward_component/nearest_server_selected_mean": 0.989,
    "eval/reward_component/r_fair_mean": 0.0,
    "eval/reward_component/r_fair_raw_mean": 0.0,
    "eval/reward_component/r_price_mean": -0.039110886224787214,
    "eval/reward_component/mainline_a_price_cost_mean": 0.7822177244957442,
    "eval/reward_component/cp_pref_mean": 1.1263347747325898,
    "eval/reward_component/efx_satisfied_mean": 1.0,
    "eval/reward_component/efx_iterations_mean": 0.0,
    "eval/reward_component/communication_cost_mean": 0.042354994585633465,
    "eval/reward_component/cooperation_gain_mean": -0.0044174381178047565,
    "eval/mainline_a_reward/delay_cost_mean": 0.180443468944255,
    "eval/mainline_a_reward/energy_cost_mean": 0.0035457946803299912,
    "eval/mainline_a_reward/queue_penalty_mean": 0.0,
    "eval/mainline_a_reward/migration_penalty_mean": 0.011,
    "eval/mainline_a_reward/deadline_violation_penalty_mean": 0.0,
    "eval/mainline_a_reward/cooperation_gain_mean": -0.0044174381178047565,
    "eval/mainline_a_reward/price_payment_mean": 1.8684668444951376,
    "eval/mainline_a_reward/provider_revenue_mean": 1.8684668444951376,
    "eval/mainline_a_reward/constraint_penalty_mean": 0.0,
    "eval/mainline_a_reward/follower_total_demand_mean": 0.9342334222475688,
    "eval/pricing/price_mean": 2.0,
    "eval/pricing/price_std": 0.0,
    "eval/pricing/price_p95": 2.0,
    "eval/pricing/provider_revenue_proxy_mean": 6.0,
    "eval/pricing/provider_revenue_proxy_std": 0.0,
    "eval/queue/arrival_rates_mean": 0.1303696206510067,
    "eval/queue/service_rates_mean": 9.990010261535645,
    "eval/queue/queue_delay_mean": 0.0013603179166093468,
    "eval/queue/system_delay_mean": 0.10146031413475673,
    "eval/queue/rho_mean": 0.013049998665849367,
    "eval/queue/length_mean": 0.0,
    "eval/channel/quality_mean_mean": 25.989954789360368,
    "eval/channel/quality_std_mean": 5.468110350932815,
    "eval/action/local_target_rate_mean": 0.0,
    "eval/action/edge_target_rate_mean": 1.0,
    "eval/action/target_mean_mean": 1.0,
    "eval/action/target_mean_std": 0.0,
    "eval/action/individual_offload_mean_mean": 0.3911088622478721
  },
  "resolved_runtime_config": {
    "algorithm": "PPO",
    "config_path": "outputs/stage1/ppo/trial_0000/config.yaml",
    "config_sha256": "05f4f50c0ca3c7e25ecccadeff3fb09a39749f3e1325d9fe15a95d7ee8b26d65",
    "base_algorithm_config": {
      "algorithm": {
        "clip_grad": 0.5,
        "ent_coeff": 0.003,
        "eps_clip": 0.12,
        "gae_lambda": 0.97,
        "gamma": 0.992,
        "name": "PPO",
        "num_epochs": 8,
        "type": "on_policy",
        "value_coeff": 0.5
      },
      "evaluation": {
        "deterministic": true,
        "num_episodes": 10
      },
      "exploration": {
        "epsilon_decay_steps": 50000,
        "final_epsilon": 0.05,
        "initial_epsilon": 1.0
      },
      "game_theory": {
        "cpnet_enabled": true,
        "ctde_with_hints": false,
        "efx_enabled": true,
        "efx_transfer_rate": 0.5,
        "enabled": true,
        "reward_weights": [
          0.8,
          0.1,
          0.1
        ],
        "use_shapley_credit": false,
        "warm_start_lr_scale": 0.5,
        "warm_start_steps": 0
      },
      "logging": {
        "checkpoint_dir": "checkpoints/ppo",
        "eval_interval": 2500,
        "log_dir": "logs/ppo",
        "log_interval": 10,
        "save_interval": 50000,
        "min_eval_points": 32,
        "eval_at_start": true
      },
      "network": {
        "activation": "relu",
        "discrete": true,
        "hidden_dim": 256
      },
      "training": {
        "batch_size": 128,
        "lr": 0.00015,
        "lr_schedule": false,
        "rollout_steps": 2048,
        "seed": 42,
        "total_timesteps": 100000
      },
      "stage1_tuning": {
        "trial_id": "0000",
        "trial_name": "PPO-B",
        "source_search_config": "configs/tuning/stage1_ppo_mainline_a.yaml",
        "environment_profile": "mainline-a"
      }
    },
    "cli_overrides": {
      "timesteps": 10000,
      "seed": 42,
      "device": "auto",
      "eval_episodes": null,
      "env": "auto",
      "environment_profile": "mainline-a"
    },
    "environment": "MEC-v1-game-theory-continuous-ma",
    "environment_profile": "mainline-a",
    "env_overrides": {
      "enable_mainline_a": true,
      "system_model_config": "configs/system_model_mainline_a.yaml",
      "dynamic_pricing_config": "configs/pricing_dynamic_mainline_a.yaml"
    },
    "game_theory_config": {
      "enabled": true,
      "use_shapley_credit": false,
      "ctde_with_hints": false,
      "warm_start_steps": 0,
      "warm_start_lr_scale": 0.5,
      "shapley_samples": 128,
      "reward_weights": [
        0.8,
        0.1,
        0.1
      ],
      "efx_enabled": true,
      "cpnet_enabled": true,
      "efx_transfer_rate": 0.5
    },
    "trainer_kwargs": {
      "total_timesteps": 10000,
      "rollout_steps": 2048,
      "eval_interval": 2500,
      "eval_episodes": 10,