{
  "algorithm": "PPO",
  "environment": "MEC-v1-game-theory-continuous-ma",
  "environment_profile": "mainline-a",
  "seed": 42,
  "device": "cpu",
  "train_timesteps": 10000,
  "checkpoint_dir": "checkpoints/ppo",
  "final_eval": {
    "eval/reward_mean": -8.415603848192722,
    "eval/reward_std": 0.3910310365567531,
    "eval/latency_mean": 0.22162629666981304,
    "eval/energy_mean": 0.4411306030508074,
    "eval/e2e_latency_mean": 0.22162629666981304,
    "eval/e2e_latency_p95": 0.42801654465769484,
    "eval/deadline_miss_rate": 0.0,
    "eval/throughput_tasks_per_step": 1.0,
    "eval/comm_score": 69.96236335996299,
    "eval/latency_total_mean": 22.162629666981303,
    "eval/energy_total_mean": 0.4411306030508074,
    "eval/latency_per_step_mean": 0.2216262966698131,
    "eval/energy_per_step_mean": 0.004411306030508074,
    "eval/latency_per_task_mean": 0.2216262966698131,
    "eval/energy_per_task_mean": 0.004411306030508074,
    "eval/episode_steps_mean": 100.0,
    "eval/episode_tasks_mean": 100.0,
    "eval/social_welfare_mean": -8.415603848192722,
    "eval/social_welfare_per_step_mean": -0.0841560384819272,
    "eval/agent_reward_jain_mean": 1.0,
    "eval/queue_wait_mean_mean": 0.0022198592495406046,
    "eval/queue_wait_mean_std": 0.0003228175277282476,
    "eval/queue_wait_mean_p95": 0.0023510346887633204,
    "eval/queue_wait_max_mean": 0.0022198592495406046,
    "eval/queue_wait_max_std": 0.0003228175277282476,
    "eval/queue_wait_max_p95": 0.0023510346887633204,
    "eval/step_deadline_miss_rate_mean": 0.0,
    "eval/offload_ratio_mean_mean": 0.21664035734451595,
    "eval/non_nearest_server_rate_mean": 0.003,
    "eval/e2e_latency_max_mean": 0.22162629666981304,
    "eval/constraint/penalty_mean_mean": 0.0,
    "eval/constraint/penalty_mean_std": 0.0,
    "eval/constraint/barrier_mean_mean": -0.0003072604643756717,
    "eval/constraint/barrier_mean_std": 7.24329365006817e-06,
    "eval/constraint/violation_energy_mean_mean": 0.0,
    "eval/constraint/violation_power_mean_mean": 0.0,
    "eval/constraint/violation_latency_mean_mean": 0.0,
    "eval/constraint/any_violation_mean": 0.0,
    "eval/fairness/efx_satisfied_mean": 1.0,
    "eval/fairness/efx_transfer_sum_abs_mean": 0.0,
    "eval/fairness/cpnet_score_mean_mean": 1.1530739354491233,
    "eval/reward_component/r_imm_mean": -0.04475203142844086,
    "eval/reward_component/r_coop_mean": -0.012693135068386291,
    "eval/reward_component/r_eq_mean": -0.31658608154703244,
    "eval/reward_component/alpha_mean": 0.7330580822106203,
    "eval/reward_component/beta_mean": 0.17945266372908725,
    "eval/reward_component/gamma_mean": 0.08748925406029247,
    "eval/reward_component/penalty_mean": 0.0,
    "eval/reward_component/barrier_mean": -0.0003072604643756717,
    "eval/reward_component/queue_wait_mean": 0.0022198592495406046,
    "eval/reward_component/deadline_miss_ratio_mean": 0.0,
    "eval/reward_component/nearest_server_selected_mean": 0.997,
    "eval/reward_component/r_fair_mean": 0.0,
    "eval/reward_component/r_fair_raw_mean": 0.0,
    "eval/reward_component/r_price_mean": -0.021664035734451595,
    "eval/reward_component/mainline_a_price_cost_mean": 0.4332807146890319,
    "eval/reward_component/cp_pref_mean": 1.1530739354491233,
    "eval/reward_component/efx_satisfied_mean": 1.0,
    "eval/reward_component/efx_iterations_mean": 0.0,
    "eval/reward_component/communication_cost_mean": 0.05029268884518619,
    "eval/reward_component/cooperation_gain_mean": -0.012726834240275682,
    "eval/mainline_a_reward/delay_cost_mean": 0.2193425869284989,
    "eval/mainline_a_reward/energy_cost_mean": 0.004405316559023607,
    "eval/mainline_a_reward/queue_penalty_mean": 0.0,
    "eval/mainline_a_reward/migration_penalty_mean": 0.003,
    "eval/mainline_a_reward/deadline_violation_penalty_mean": 0.0,
    "eval/mainline_a_reward/cooperation_gain_mean": -0.012726834240275682,
    "eval/mainline_a_reward/price_payment_mean": 1.8986614818592866,
    "eval/mainline_a_reward/provider_revenue_mean": 1.8986614818592866,
    "eval/mainline_a_reward/constraint_penalty_mean": 0.0,
    "eval/mainline_a_reward/follower_total_demand_mean": 0.9493307409296433,
    "eval/pricing/price_mean": 2.0,
    "eval/pricing/price_std": 0.0,
    "eval/pricing/price_p95": 2.0,
    "eval/pricing/provider_revenue_proxy_mean": 6.0,
    "eval/pricing/provider_revenue_proxy_std": 0.0,
    "eval/queue/arrival_rates_mean": 0.07221345242361228,
    "eval/queue/service_rates_mean": 9.990010261535645,
    "eval/queue/queue_delay_mean": 0.0007399530831802016,
    "eval/queue/system_delay_mean": 0.10083994934956232,
    "eval/queue/rho_mean": 0.007228566388289134,
    "eval/queue/length_mean": 0.0,
    "eval/channel/quality_mean_mean": 26.265386998429893,
    "eval/channel/quality_std_mean": 5.134007506016652,
    "eval/action/local_target_rate_mean": 0.0,
    "eval/action/edge_target_rate_mean": 1.0,
    "eval/action/target_mean_mean": 1.0,
    "eval/action/target_mean_std": 0.0,
    "eval/action/individual_offload_mean_mean": 0.21664035734451595
  },
  "resolved_runtime_config": {
    "algorithm": "PPO",
    "config_path": "outputs/stage1/ppo/trial_0003/config.yaml",
    "config_sha256": "4109a35575e3b584d6afdc8199f5ad5ccdbe57ef869907846e89d4e842f7b264",
    "base_algorithm_config": {
      "algorithm": {
        "clip_grad": 0.4851646070554091,
        "ent_coeff": 0.0018796479159638106,
        "eps_clip": 0.2021590606410438,
        "gae_lambda": 0.9091989248867864,
        "gamma": 0.9887992730063734,
        "name": "PPO",
        "num_epochs": 5,
        "type": "on_policy",
        "value_coeff": 0.47197786123948554
      },
      "evaluation": {
        "deterministic": true,
        "num_episodes": 10
      },
      "exploration": {
        "epsilon_decay_steps": 50000,
        "final_epsilon": 0.05,
        "initial_epsilon": 1.0
      },
      "game_theory": {
        "cpnet_enabled": true,
        "ctde_with_hints": false,
        "efx_enabled": true,
        "efx_transfer_rate": 0.5,
        "enabled": true,
        "reward_weights": [
          0.8,
          0.1,
          0.1
        ],
        "use_shapley_credit": false,
        "warm_start_lr_scale": 0.1394000990392291,
        "warm_start_steps": 4000
      },
      "logging": {
        "checkpoint_dir": "checkpoints/ppo",
        "eval_interval": 2500,
        "log_dir": "logs/ppo",
        "log_interval": 10,
        "save_interval": 50000,
        "min_eval_points": 32,
        "eval_at_start": true
      },
      "network": {
        "activation": "relu",
        "discrete": true,
        "hidden_dim": 256
      },
      "training": {
        "batch_size": 128,
        "lr": 8.537536598541334e-05,
        "lr_schedule": false,
        "rollout_steps": 4096,
        "seed": 42,
        "total_timesteps": 100000
      },
      "stage1_tuning": {
        "trial_id": "0003",
        "trial_name": "sample-0003",
        "source_search_config": "configs/tuning/stage1_ppo_mainline_a.yaml",
        "environment_profile": "mainline-a"
      }
    },
    "cli_overrides": {
      "timesteps": 10000,
      "seed": 42,
      "device": "auto",
      "eval_episodes": null,
      "env": "auto",
      "environment_profile": "mainline-a"
    },
    "environment": "MEC-v1-game-theory-continuous-ma",
    "environment_profile": "mainline-a",
    "env_overrides": {
      "enable_mainline_a": true,
      "system_model_config": "configs/system_model_mainline_a.yaml",
      "dynamic_pricing_config": "configs/pricing_dynamic_mainline_a.yaml"
    },
    "game_theory_config": {
      "enabled": true,
      "use_shapley_credit": false,
      "ctde_with_hints": false,
      "warm_start_steps": 4000,
      "warm_start_lr_scale": 0.1394000990392291,
      "shapley_samples": 128,
      "reward_weights": [
        0.8,
        0.1,
        0.1
      ],
      "efx_enabled": true,
      "cpnet_enabled": true,
      "efx_transfer_rate": 0.5
    },