{
  "algorithm": "A3C",
  "environment": "MEC-v1-game-theory-discrete-ma",
  "seed": 42,
  "device": "cpu",
  "train_timesteps": 100000,
  "checkpoint_dir": "experiments\\paper2_full_17_vscode\\artifacts\\A3C\\checkpoints",
  "final_eval": {
    "eval/reward_mean": -22.29382839910908,
    "eval/reward_std": 2.0360060347933158,
    "eval/latency_mean": 0.21934364700916162,
    "eval/energy_mean": 0.2527834035474717,
    "eval/e2e_latency_mean": 0.21934364700916162,
    "eval/e2e_latency_p95": 1.080854476254666,
    "eval/deadline_miss_rate": 0.015,
    "eval/throughput_tasks_per_step": 1.0,
    "eval/comm_score": 47.31907814348855,
    "eval/latency_total_mean": 21.93436470091616,
    "eval/energy_total_mean": 0.2527834035474717,
    "eval/latency_per_step_mean": 0.2193436470091616,
    "eval/energy_per_step_mean": 0.0025278340354747166,
    "eval/latency_per_task_mean": 0.2193436470091616,
    "eval/energy_per_task_mean": 0.0025278340354747166,
    "eval/episode_steps_mean": 100.0,
    "eval/episode_tasks_mean": 100.0
  },
  "status": "success"
}