{
  "algorithm": "IPPO",
  "environment": "MEC-v1-game-theory-discrete-ma",
  "seed": 42,
  "device": "cpu",
  "train_timesteps": 100000,
  "checkpoint_dir": "experiments\\paper2_full_17_vscode\\artifacts\\IPPO\\checkpoints",
  "final_eval": {
    "eval/reward_mean": -39.05117069264005,
    "eval/reward_std": 3.414907329196496,
    "eval/latency_mean": 0.292623706916632,
    "eval/energy_mean": 1.603724877942587,
    "eval/e2e_latency_mean": 0.292623706916632,
    "eval/e2e_latency_p95": 0.6584149190668417,
    "eval/deadline_miss_rate": 0.0026666666666666666,
    "eval/throughput_tasks_per_step": 3.0,
    "eval/comm_score": 180.23893953925494,
    "eval/latency_total_mean": 87.78711207498957,
    "eval/energy_total_mean": 1.603724877942587,
    "eval/latency_per_step_mean": 0.8778711207498958,
    "eval/energy_per_step_mean": 0.016037248779425868,
    "eval/latency_per_task_mean": 0.29262370691663186,
    "eval/energy_per_task_mean": 0.005345749593141956,
    "eval/episode_steps_mean": 100.0,
    "eval/episode_tasks_mean": 300.0
  },
  "status": "success"
}